<server description="Sample Liberty server">

  <featureManager>
    <feature>jaxrs-2.1</feature>
    <feature>jsonp-1.1</feature>
    <feature>cdi-2.0</feature>
    <feature>mpConfig-1.3</feature>
    <feature>mpRestClient-1.3</feature>
  </featureManager>

  <variable name="default.http.port" defaultValue="9080"/>
  <variable name="default.https.port" defaultValue="9443"/>
  
  <httpEndpoint host="*" httpPort="${default.http.port}" httpsPort="${default.https.port}"
                id="defaultHttpEndpoint"/>

  <webApplication location="voidbackend.war" contextRoot="/"/>
</server>